CustomerID,Gender,Age,Tenure,MonthlyCharges,Churn,TotalCharges,SubscriptionPlan_Premium,SubscriptionPlan_Standard,SubscriptionPlan
1,1,34,11,91.22,0,1003.42,True,False,Premium
2,0,26,56,42.99,0,2407.44,False,True,Standard
3,1,50,67,49.42,0,3311.1400000000003,False,True,Standard
4,1,37,29,24.65,0,714.8499999999999,False,True,Standard
5,1,30,9,28.92,1,260.28000000000003,True,False,Premium
6,0,45,67,61.27,0,4105.09,False,True,Standard
7,1,65,25,41.41,0,1035.25,False,False,Standard
8,1,46,42,86.84,0,3647.28,False,False,Standard
9,1,30,9,21.18,0,190.62,False,True,Standard
10,0,63,40,50.33,0,2013.1999999999998,False,False,Standard
11,1,52,25,46.99,0,1174.75,False,False,Standard
12,1,23,5,21.55,0,107.75,True,False,Premium
13,1,35,11,29.95,1,329.45,False,True,Standard
14,1,68,59,53.09,0,3132.3100000000004,False,True,Standard
15,0,22,38,59.43,0,2258.34,True,False,Premium
16,1,64,5,52.34,0,261.70000000000005,False,False,Standard
17,0,42,48,62.48,1,2999.04,False,False,Standard
18,0,19,18,67.61,0,1216.98,False,True,Standard
19,0,27,70,20.79,0,1455.3,False,False,Standard
20,1,47,37,57.13,0,2113.81,True,False,Premium
21,0,67,60,97.08,0,5824.8,True,False,Premium
22,1,62,48,61.52,0,2952.96,False,True,Standard
23,0,22,28,74.2,1,2077.6,True,False,Premium
24,0,50,69,44.95,0,3101.55,True,False,Premium
25,0,18,40,81.92,1,3276.8,False,True,Standard
26,0,35,45,81.83,0,3682.35,True,False,Premium
27,0,49,62,61.7,0,3825.4,True,False,Premium
28,0,64,58,98.08,0,5688.64,True,False,Premium
29,0,66,67,30.04,0,2012.6799999999998,False,False,Standard
30,0,28,56,21.36,1,1196.1599999999999,False,True,Standard
31,1,38,40,81.61,1,3264.4,False,True,Standard
32,1,43,40,84.57,1,3382.7999999999997,False,True,Standard
33,0,42,33,29.62,0,977.46,False,False,Standard
34,0,39,6,41.25,0,247.5,False,False,Standard
35,0,44,19,21.4,0,406.59999999999997,False,True,Standard
36,1,66,40,43.46,1,1738.4,False,False,Standard
37,0,30,59,81.85,0,4829.15,False,True,Standard
38,1,50,59,61.44,0,3624.96,False,False,Standard
39,1,51,48,47.85,0,2296.8,True,False,Premium
40,1,58,41,49.74,0,2039.3400000000001,True,False,Premium
41,1,52,13,20.11,1,261.43,False,True,Standard
42,1,18,45,43.98,0,1979.1,False,False,Standard
43,0,38,53,71.72,0,3801.16,False,False,Standard
44,0,65,42,97.94,0,4113.48,True,False,Premium
45,0,23,63,87.76,0,5528.88,True,False,Premium
46,0,45,27,21.89,0,591.03,False,False,Standard
47,0,34,38,91.88,0,3491.4399999999996,False,False,Standard
48,1,22,60,82.66,1,4959.599999999999,False,False,Standard
49,0,48,7,82.43,1,577.01,False,False,Standard
50,0,22,5,56.64,0,283.2,False,False,Standard
51,1,55,45,51.84,0,2332.8,False,False,Standard
52,0,20,58,44.23,1,2565.3399999999997,False,True,Standard
53,1,40,31,25.26,0,783.0600000000001,False,False,Standard
54,0,54,23,38.26,0,879.9799999999999,True,False,Premium
55,1,54,42,39.73,0,1668.6599999999999,False,True,Standard
56,0,27,10,58.73,0,587.3,False,False,Standard
57,0,27,32,79.8,0,2553.6,True,False,Premium
58,1,36,53,57.9,1,3068.7,False,True,Standard
59,1,34,30,24.63,0,738.9,True,False,Premium
60,1,38,39,96.62,0,3768.1800000000003,False,False,Standard
61,1,31,31,95.42,0,2958.02,False,False,Standard
62,1,26,2,82.82,0,165.64,False,False,Standard
63,1,63,12,99.31,0,1191.72,False,False,Standard
64,1,18,39,63.56,0,2478.84,False,True,Standard
65,1,68,66,97.02,0,6403.32,False,True,Standard
66,0,62,13,26.05,0,338.65000000000003,True,False,Premium
67,0,30,46,49.25,1,2265.5,False,False,Standard
68,1,21,27,38.03,1,1026.81,True,False,Premium
69,0,18,17,35.67,0,606.39,False,True,Standard
70,0,66,60,31.26,0,1875.6000000000001,False,False,Standard
71,0,57,64,69.79,0,4466.56,False,False,Standard
72,0,49,35,82.51,0,2887.8500000000004,False,True,Standard
73,1,51,70,66.26,0,4638.200000000001,False,True,Standard
74,0,45,30,31.76,0,952.8000000000001,False,True,Standard
75,1,48,71,84.89,0,6027.19,False,True,Standard
76,0,25,63,70.88,1,4465.44,False,True,Standard
77,0,56,28,51.05,1,1429.3999999999999,False,False,Standard
78,0,43,60,73.93,1,4435.8,False,True,Standard
79,1,51,37,40.79,0,1509.23,False,False,Standard
80,0,20,22,47.62,0,1047.6399999999999,False,False,Standard
81,1,67,68,93.4,0,6351.200000000001,False,True,Standard
82,0,29,20,43.24,0,864.8000000000001,False,True,Standard
83,1,18,68,57.6,0,3916.8,False,False,Standard
84,0,61,64,91.21,0,5837.44,False,True,Standard
85,1,22,17,76.62,0,1302.54,False,True,Standard
86,1,47,12,24.98,1,299.76,False,True,Standard
87,0,47,22,31.78,0,699.1600000000001,True,False,Premium
88,1,34,17,20.63,0,350.71,False,False,Standard
89,0,65,10,70.47,0,704.7,True,False,Premium
90,0,64,65,55.81,0,3627.65,False,True,Standard
91,0,40,22,30.74,0,676.28,True,False,Premium
92,0,32,50,96.63,0,4831.5,False,True,Standard
93,0,54,14,62.37,0,873.18,True,False,Premium
94,0,38,64,39.35,0,2518.4,False,True,Standard
95,0,31,47,60.05,0,2822.35,True,False,Premium
96,0,19,29,74.37,0,2156.73,True,False,Premium
97,0,28,36,26.1,0,939.6,True,False,Premium
98,0,68,52,41.98,1,2182.96,False,False,Standard
99,0,56,7,84.56,0,591.9200000000001,True,False,Premium
100,1,55,29,56.77,0,1646.3300000000002,False,False,Standard
101,1,51,11,63.73,0,701.03,False,True,Standard
102,0,55,33,54.63,1,1802.7900000000002,True,False,Premium
103,0,67,6,23.51,1,141.06,False,True,Standard
104,0,51,32,33.26,0,1064.32,False,True,Standard
105,0,35,51,55.64,0,2837.64,True,False,Premium
106,0,47,58,36.73,1,2130.3399999999997,False,False,Standard
107,0,32,26,24.0,0,624.0,True,False,Premium
108,0,44,46,87.49,0,4024.54,False,True,Standard
109,0,68,29,98.5,0,2856.5,False,True,Standard
110,1,51,4,83.45,1,333.8,True,False,Premium
111,0,69,13,88.3,1,1147.8999999999999,False,False,Standard
112,1,55,39,39.36,0,1535.04,False,False,Standard
113,0,50,15,96.85,0,1452.75,False,True,Standard
114,0,41,29,35.75,0,1036.75,False,True,Standard
115,1,32,29,96.11,0,2787.19,False,False,Standard
116,0,47,32,99.59,1,3186.88,True,False,Premium
117,1,59,2,76.94,0,153.88,False,True,Standard
118,0,68,47,98.49,0,4629.03,False,False,Standard
119,0,34,22,65.56,0,1442.3200000000002,False,True,Standard
120,1,22,27,40.76,0,1100.52,True,False,Premium
121,0,46,67,54.96,0,3682.32,False,False,Standard
122,1,21,56,67.48,0,3778.88,False,True,Standard
123,0,27,21,25.85,0,542.85,True,False,Premium
124,1,34,47,69.79,0,3280.13,False,True,Standard
125,1,27,59,98.49,0,5810.91,True,False,Premium
126,0,34,6,35.21,0,211.26,True,False,Premium
127,0,37,19,83.41,0,1584.79,False,False,Standard
128,1,41,57,92.63,1,5279.91,True,False,Premium
129,0,22,69,95.5,1,6589.5,False,True,Standard
130,0,51,3,96.81,1,290.43,True,False,Premium
131,0,23,1,61.72,0,61.72,True,False,Premium
132,1,19,58,98.18,1,5694.4400000000005,False,False,Standard
133,1,30,38,80.58,0,3062.04,True,False,Premium
134,1,60,15,32.93,0,493.95,True,False,Premium
135,1,60,34,58.15,0,1977.1,False,True,Standard
136,1,65,61,77.47,0,4725.67,False,False,Standard
137,1,28,35,39.79,0,1392.6499999999999,False,False,Standard
138,1,68,64,71.25,0,4560.0,False,False,Standard
139,1,64,25,73.33,0,1833.25,True,False,Premium
140,1,40,24,33.02,0,792.48,False,False,Standard
141,0,33,12,65.21,0,782.52,True,False,Premium
142,1,48,18,81.73,0,1471.14,True,False,Premium
143,0,28,15,59.91,0,898.65,False,True,Standard
144,0,33,27,20.97,1,566.1899999999999,False,True,Standard
145,0,25,60,20.72,1,1243.1999999999998,False,True,Standard
146,1,21,46,48.56,0,2233.76,False,True,Standard
147,1,57,17,94.1,0,1599.6999999999998,False,True,Standard
148,1,21,53,38.29,0,2029.37,True,False,Premium
149,1,42,8,70.75,1,566.0,True,False,Premium
150,0,20,27,37.77,0,1019.7900000000001,False,False,Standard
151,1,49,46,45.73,0,2103.58,True,False,Premium
152,1,20,50,87.84,0,4392.0,True,False,Premium
153,1,44,71,78.31,0,5560.01,False,True,Standard
154,1,46,3,27.63,0,82.89,True,False,Premium
155,1,49,64,54.3,1,3475.2,False,True,Standard
156,0,67,44,22.33,0,982.52,False,False,Standard
157,1,68,53,58.47,0,3098.91,False,False,Standard
158,0,36,24,72.99,1,1751.7599999999998,True,False,Premium
159,1,38,60,29.48,1,1768.8,False,False,Standard
160,0,22,3,43.11,0,129.32999999999998,True,False,Premium
161,1,35,20,51.83,0,1036.6,False,False,Standard
162,1,45,46,93.56,0,4303.76,False,True,Standard
163,0,59,15,99.46,1,1491.8999999999999,False,True,Standard
164,0,39,25,23.59,0,589.75,False,True,Standard
165,0,38,71,80.88,1,5742.48,False,True,Standard
166,1,23,17,49.74,0,845.58,True,False,Premium
167,0,18,9,51.4,0,462.59999999999997,False,False,Standard
168,1,22,38,80.34,0,3052.92,True,False,Premium
169,1,58,48,93.47,0,4486.5599999999995,False,True,Standard
170,0,29,60,96.07,0,5764.2,True,False,Premium
171,0,43,63,66.17,0,4168.71,False,False,Standard
172,1,63,2,48.57,0,97.14,True,False,Premium
173,1,51,11,83.0,1,913.0,False,False,Standard
174,0,66,64,40.08,0,2565.12,True,False,Premium
175,0,31,21,65.13,0,1367.73,False,False,Standard
176,0,43,18,48.69,0,876.42,False,False,Standard
177,1,62,64,72.53,0,4641.92,False,True,Standard
178,1,44,38,39.23,0,1490.7399999999998,False,False,Standard
179,1,26,32,35.33,0,1130.56,False,True,Standard
180,1,43,11,93.46,1,1028.06,False,True,Standard
181,1,64,45,28.14,0,1266.3,False,True,Standard
182,1,39,33,60.48,0,1995.84,True,False,Premium
183,0,64,41,37.67,0,1544.47,True,False,Premium
184,1,47,8,23.11,0,184.88,True,False,Premium
185,1,60,11,22.88,0,251.67999999999998,True,False,Premium
186,1,65,51,34.02,1,1735.0200000000002,False,False,Standard
187,0,34,41,89.34,1,3662.94,False,False,Standard
188,1,43,17,42.6,0,724.2,True,False,Premium
189,1,53,46,96.04,0,4417.84,False,False,Standard
190,0,18,32,66.53,0,2128.96,False,False,Standard
191,1,25,54,54.93,0,2966.22,False,True,Standard
192,1,66,20,66.41,0,1328.1999999999998,False,True,Standard
193,1,52,33,61.34,0,2024.22,False,True,Standard
194,1,69,40,80.7,0,3228.0,False,True,Standard
195,1,32,32,42.6,0,1363.2,False,False,Standard
196,0,64,2,48.24,0,96.48,True,False,Premium
197,0,39,33,91.53,0,3020.4900000000002,False,False,Standard
198,0,31,30,95.72,0,2871.6,False,False,Standard
199,1,43,33,91.4,0,3016.2000000000003,False,False,Standard
200,1,45,26,53.56,1,1392.56,False,True,Standard
201,1,40,22,82.43,0,1813.46,False,True,Standard
202,0,31,66,58.11,0,3835.2599999999998,False,True,Standard
203,1,41,38,59.8,0,2272.4,True,False,Premium
204,1,19,46,36.37,1,1673.02,False,False,Standard
205,0,62,15,67.29,0,1009.3500000000001,True,False,Premium
206,1,43,44,34.89,0,1535.16,False,True,Standard
207,0,31,49,46.53,0,2279.9700000000003,True,False,Premium
208,0,68,61,88.4,0,5392.400000000001,False,False,Standard
209,0,24,67,36.57,1,2450.19,False,False,Standard
210,1,20,6,25.69,0,154.14000000000001,False,True,Standard
211,1,64,9,25.52,1,229.68,False,True,Standard
212,1,40,6,95.26,1,571.5600000000001,True,False,Premium
213,1,63,32,60.55,1,1937.6,False,True,Standard
214,1,60,41,52.75,0,2162.75,False,True,Standard
215,1,64,8,84.87,0,678.96,False,False,Standard
216,1,62,50,86.87,0,4343.5,False,True,Standard
217,0,35,62,46.58,0,2887.96,False,True,Standard
218,1,55,62,75.49,0,4680.38,False,False,Standard
219,0,52,7,81.69,0,571.8299999999999,False,False,Standard
220,1,68,4,72.37,0,289.48,True,False,Premium
221,1,32,6,32.13,0,192.78000000000003,False,True,Standard
222,1,42,58,90.07,1,5224.0599999999995,False,False,Standard
223,0,54,22,63.13,0,1388.8600000000001,True,False,Premium
224,0,45,26,42.6,1,1107.6000000000001,True,False,Premium
225,0,27,3,54.02,0,162.06,False,True,Standard
226,0,56,41,23.01,1,943.4100000000001,False,True,Standard
227,1,34,60,30.23,0,1813.8,True,False,Premium
228,0,56,14,81.24,0,1137.36,False,False,Standard
229,1,39,12,20.0,1,240.0,True,False,Premium
230,1,43,12,53.33,0,639.96,False,True,Standard
231,0,61,13,61.8,1,803.4,False,False,Standard
232,0,42,25,24.37,0,609.25,False,False,Standard
233,0,34,45,97.85,0,4403.25,True,False,Premium
234,0,30,19,38.09,0,723.71,False,True,Standard
235,0,37,55,44.34,0,2438.7000000000003,True,False,Premium
236,0,42,45,44.32,0,1994.4,True,False,Premium
237,0,21,8,38.43,0,307.44,True,False,Premium
238,0,27,53,20.12,0,1066.3600000000001,False,False,Standard
239,1,20,55,78.35,0,4309.25,False,False,Standard
240,0,58,32,97.35,1,3115.2,False,True,Standard
241,0,62,51,37.94,1,1934.9399999999998,False,True,Standard
242,1,35,44,73.04,0,3213.76,True,False,Premium
243,0,64,70,79.35,0,5554.5,True,False,Premium
244,1,53,18,87.87,0,1581.66,True,False,Premium
245,1,64,22,53.81,0,1183.8200000000002,False,True,Standard
246,0,39,37,44.23,1,1636.51,False,False,Standard
247,1,51,56,46.02,1,2577.1200000000003,False,False,Standard
248,1,64,59,77.01,0,4543.59,True,False,Premium
249,1,25,3,85.34,0,256.02,True,False,Premium
250,1,57,28,34.53,0,966.84,True,False,Premium
251,0,66,35,49.68,1,1738.8,True,False,Premium
252,1,61,61,92.16,0,5621.76,False,True,Standard
253,0,36,54,84.54,0,4565.160000000001,False,False,Standard
254,1,59,63,98.79,0,6223.77,True,False,Premium
255,1,58,7,80.34,0,562.38,False,True,Standard
256,1,54,49,51.46,0,2521.54,True,False,Premium
257,1,23,31,67.25,1,2084.75,True,False,Premium
258,0,69,58,72.88,0,4227.04,False,False,Standard
259,0,43,61,26.28,0,1603.0800000000002,True,False,Premium
260,1,51,24,63.56,0,1525.44,False,False,Standard
261,1,62,20,76.75,0,1535.0,False,False,Standard
262,0,23,37,33.39,0,1235.43,False,False,Standard
263,1,54,4,82.45,0,329.8,False,True,Standard
264,1,50,20,66.7,0,1334.0,False,True,Standard
265,1,39,60,96.18,0,5770.8,False,False,Standard
266,0,38,24,23.39,0,561.36,True,False,Premium
267,0,23,50,41.23,0,2061.5,False,False,Standard
268,0,23,49,68.12,1,3337.88,True,False,Premium
269,1,65,51,43.72,0,2229.72,False,False,Standard
270,1,21,36,77.15,0,2777.4,True,False,Premium
271,0,47,66,80.72,0,5327.5199999999995,False,True,Standard
272,0,28,34,28.2,0,958.8,True,False,Premium
273,0,47,36,61.11,0,2199.96,False,False,Standard
274,0,48,6,60.71,0,364.26,False,True,Standard
275,1,41,39,49.54,0,1932.06,True,False,Premium
276,0,26,42,94.63,0,3974.46,True,False,Premium
277,1,20,58,86.2,0,4999.6,True,False,Premium
278,0,68,12,75.78,1,909.36,True,False,Premium
279,1,48,3,77.15,1,231.45000000000002,True,False,Premium
280,0,57,18,56.94,0,1024.92,False,True,Standard
281,0,54,40,93.68,0,3747.2000000000003,False,True,Standard
282,0,53,21,75.57,1,1586.9699999999998,False,True,Standard
283,0,41,15,78.32,1,1174.8,False,True,Standard
284,1,48,26,88.94,0,2312.44,False,False,Standard
285,0,23,8,41.93,0,335.44,False,True,Standard
286,1,19,42,84.57,0,3551.9399999999996,True,False,Premium
287,1,37,44,35.62,0,1567.28,True,False,Premium
288,1,45,14,47.63,0,666.82,False,True,Standard
289,1,28,2,46.85,0,93.7,True,False,Premium
290,0,21,37,98.28,0,3636.36,False,True,Standard
291,1,32,69,88.52,0,6107.88,True,False,Premium
292,1,23,38,76.09,0,2891.42,False,False,Standard
293,1,66,41,78.16,0,3204.56,False,False,Standard
294,0,47,62,64.97,0,4028.14,False,True,Standard
295,0,55,60,95.77,0,5746.2,False,True,Standard
296,0,68,14,59.7,0,835.8000000000001,False,True,Standard
297,0,19,2,50.44,1,100.88,True,False,Premium
298,1,32,70,33.04,0,2312.7999999999997,False,True,Standard
299,1,28,17,82.9,0,1409.3000000000002,False,False,Standard
300,0,25,28,78.76,0,2205.28,True,False,Premium
301,1,43,66,50.75,0,3349.5,False,True,Standard
302,1,68,35,22.02,1,770.6999999999999,True,False,Premium
303,1,62,5,87.12,0,435.6,True,False,Premium
304,0,61,65,20.91,0,1359.15,False,True,Standard
305,0,22,40,76.3,0,3052.0,True,False,Premium
306,1,23,56,97.62,0,5466.72,False,False,Standard
307,0,43,36,55.01,1,1980.36,False,False,Standard
308,0,21,45,38.8,1,1745.9999999999998,True,False,Premium
309,0,36,23,76.39,0,1756.97,False,True,Standard
310,0,37,47,85.37,0,4012.3900000000003,True,False,Premium
311,0,50,31,63.71,1,1975.01,False,False,Standard
312,1,37,11,97.36,1,1070.96,True,False,Premium
313,0,66,10,24.13,0,241.29999999999998,True,False,Premium
314,1,29,67,60.38,0,4045.46,False,False,Standard
315,1,64,14,77.48,0,1084.72,True,False,Premium
316,0,18,10,89.01,1,890.1,True,False,Premium
317,1,43,1,34.34,0,34.34,False,True,Standard
318,1,31,5,84.0,0,420.0,False,True,Standard
319,1,55,20,64.22,0,1284.4,False,False,Standard
320,0,54,8,51.72,0,413.76,False,False,Standard
321,0,28,43,30.54,0,1313.22,False,False,Standard
322,1,53,1,89.22,0,89.22,False,True,Standard
323,0,30,57,32.58,0,1857.06,False,False,Standard
324,0,60,64,44.78,0,2865.92,False,False,Standard
325,0,20,28,43.2,0,1209.6000000000001,False,False,Standard
326,0,50,37,89.71,0,3319.27,False,True,Standard
327,1,23,47,73.82,0,3469.5399999999995,True,False,Premium
328,1,67,37,83.73,1,3098.01,False,False,Standard
329,0,27,49,40.04,0,1961.96,True,False,Premium
330,0,22,44,69.99,0,3079.56,False,False,Standard
331,1,40,56,65.74,0,3681.4399999999996,True,False,Premium
332,1,27,28,86.63,0,2425.64,False,True,Standard
333,0,61,6,92.49,0,554.9399999999999,False,True,Standard
334,1,19,61,20.97,0,1279.1699999999998,False,False,Standard
335,0,30,20,73.92,0,1478.4,True,False,Premium
336,0,57,2,24.15,0,48.3,False,True,Standard
337,1,19,37,63.91,0,2364.67,False,False,Standard
338,1,37,20,43.01,0,860.1999999999999,False,False,Standard
339,0,18,26,44.54,0,1158.04,False,True,Standard
340,0,54,29,48.24,0,1398.96,False,True,Standard
341,1,26,1,69.7,0,69.7,False,False,Standard
342,0,34,35,46.72,0,1635.2,True,False,Premium
343,1,26,70,78.62,1,5503.400000000001,True,False,Premium
344,0,28,59,52.36,1,3089.24,True,False,Premium
345,1,32,69,25.47,0,1757.4299999999998,False,False,Standard
346,1,41,33,82.7,0,2729.1,False,True,Standard
347,1,55,51,42.86,0,2185.86,False,False,Standard
348,0,52,12,54.62,0,655.4399999999999,False,True,Standard
349,0,47,20,74.84,0,1496.8000000000002,True,False,Premium
350,1,48,53,46.6,1,2469.8,True,False,Premium
351,0,66,43,24.53,0,1054.79,False,True,Standard
352,1,22,50,49.91,1,2495.5,False,True,Standard
353,1,61,29,95.56,0,2771.2400000000002,False,False,Standard
354,0,67,57,71.34,0,4066.38,True,False,Premium
355,0,31,39,73.72,0,2875.08,False,False,Standard
356,1,28,56,70.58,0,3952.48,False,False,Standard
357,0,26,43,35.92,0,1544.5600000000002,False,False,Standard
358,0,51,50,53.47,0,2673.5,True,False,Premium
359,1,29,23,80.08,0,1841.84,False,False,Standard
360,1,52,44,28.11,1,1236.84,False,False,Standard
361,0,52,38,42.23,0,1604.7399999999998,False,False,Standard
362,1,18,23,42.11,1,968.53,False,False,Standard
363,1,57,45,54.56,1,2455.2000000000003,False,False,Standard
364,0,39,52,98.43,0,5118.360000000001,False,False,Standard
365,1,46,50,25.4,0,1270.0,True,False,Premium
366,1,25,8,61.5,0,492.0,False,False,Standard
367,0,28,1,34.35,1,34.35,False,True,Standard
368,0,58,8,97.65,0,781.2,False,False,Standard
369,1,54,29,29.06,0,842.74,False,False,Standard
370,1,31,5,52.29,0,261.45,True,False,Premium
371,0,47,47,79.03,0,3714.41,True,False,Premium
372,0,52,34,76.36,0,2596.24,False,True,Standard
373,0,38,65,53.82,0,3498.3,False,True,Standard
374,0,54,55,47.72,0,2624.6,True,False,Premium
375,1,22,43,51.81,1,2227.83,True,False,Premium
376,0,36,30,41.14,0,1234.2,False,False,Standard
377,0,31,17,36.43,1,619.31,True,False,Premium
378,1,43,26,58.64,0,1524.64,False,True,Standard
379,0,21,8,41.48,1,331.84,False,False,Standard
380,1,42,47,43.0,0,2021.0,False,True,Standard
381,0,62,46,72.54,0,3336.84,False,False,Standard
382,0,59,68,97.48,0,6628.64,True,False,Premium
383,0,42,33,68.29,1,2253.57,False,True,Standard
384,1,35,1,26.16,0,26.16,False,False,Standard
385,1,57,19,26.05,1,494.95,False,False,Standard
386,0,25,31,96.11,1,2979.41,True,False,Premium
387,1,56,14,43.78,0,612.9200000000001,True,False,Premium
388,1,57,53,27.37,0,1450.6100000000001,True,False,Premium
389,1,31,48,67.92,0,3260.16,False,True,Standard
390,1,49,69,69.89,0,4822.41,False,False,Standard
391,1,68,62,71.88,1,4456.5599999999995,True,False,Premium
392,1,55,66,41.39,0,2731.7400000000002,False,True,Standard
393,0,50,64,21.21,0,1357.44,False,True,Standard
394,0,40,70,97.2,1,6804.0,False,True,Standard
395,1,32,63,40.07,0,2524.41,True,False,Premium
396,0,50,33,74.08,1,2444.64,True,False,Premium
397,0,42,41,76.53,0,3137.73,False,False,Standard
398,0,34,48,68.8,0,3302.3999999999996,False,False,Standard
399,0,50,13,45.03,0,585.39,True,False,Premium
400,1,64,31,41.69,0,1292.3899999999999,False,True,Standard
401,0,19,68,67.81,0,4611.08,False,True,Standard
402,0,31,4,89.29,0,357.16,False,True,Standard
403,1,57,19,95.74,0,1819.06,False,False,Standard
404,1,57,70,28.47,0,1992.8999999999999,False,True,Standard
405,0,68,13,32.39,0,421.07,False,False,Standard
406,0,56,23,95.58,0,2198.34,False,False,Standard
407,0,68,1,78.92,0,78.92,False,True,Standard
408,0,23,54,90.64,0,4894.56,False,True,Standard
409,0,23,71,36.21,0,2570.91,True,False,Premium
410,0,20,15,67.01,0,1005.1500000000001,True,False,Premium
411,1,24,65,76.09,0,4945.85,False,True,Standard
412,0,68,71,74.41,0,5283.11,False,False,Standard
413,0,25,15,52.65,0,789.75,False,False,Standard
414,1,59,21,21.23,0,445.83,False,False,Standard
415,1,69,19,66.63,1,1265.9699999999998,False,False,Standard
416,1,32,60,40.25,0,2415.0,False,False,Standard
417,1,64,33,56.02,0,1848.66,True,False,Premium
418,0,46,49,96.61,0,4733.89,False,True,Standard
419,0,50,35,51.92,0,1817.2,True,False,Premium
420,0,69,44,87.18,1,3835.92,False,False,Standard
421,0,47,11,35.08,0,385.88,False,False,Standard
422,0,56,66,73.8,0,4870.8,False,False,Standard
423,0,44,46,98.16,0,4515.36,False,False,Standard
424,1,53,9,28.15,0,253.35,False,True,Standard
425,0,46,3,20.67,0,62.010000000000005,False,False,Standard
426,1,55,26,54.69,0,1421.94,False,True,Standard
427,1,50,48,27.41,0,1315.68,False,False,Standard
428,0,54,66,79.87,0,5271.42,False,True,Standard
429,1,44,70,93.16,0,6521.2,True,False,Premium
430,0,50,28,54.72,0,1532.1599999999999,False,False,Standard
431,1,21,26,40.7,0,1058.2,False,True,Standard
432,0,39,25,54.75,0,1368.75,True,False,Premium
433,1,19,12,77.88,1,934.56,False,False,Standard
434,0,27,5,20.72,0,103.6,False,False,Standard
435,0,22,48,67.16,1,3223.68,False,False,Standard
436,0,27,37,69.06,0,2555.2200000000003,False,True,Standard
437,0,50,44,71.02,0,3124.8799999999997,False,True,Standard
438,0,55,15,39.36,0,590.4,True,False,Premium
439,1,30,43,77.12,0,3316.1600000000003,False,True,Standard
440,1,48,48,27.31,0,1310.8799999999999,False,True,Standard
441,1,64,70,35.94,0,2515.7999999999997,False,False,Standard
442,0,53,46,90.2,0,4149.2,False,False,Standard
443,1,62,43,79.1,1,3401.2999999999997,False,False,Standard
444,0,41,21,21.1,0,443.1,False,False,Standard
445,0,69,23,39.87,0,917.01,False,False,Standard
446,1,32,47,37.15,0,1746.05,False,False,Standard
447,1,46,15,41.66,0,624.9,False,False,Standard
448,0,25,25,39.8,0,994.9999999999999,True,False,Premium
449,1,22,36,25.0,0,900.0,True,False,Premium
450,0,46,51,56.72,1,2892.72,True,False,Premium
451,0,64,15,78.62,0,1179.3000000000002,True,False,Premium
452,0,21,68,68.54,0,4660.72,False,False,Standard
453,0,29,21,73.83,0,1550.43,True,False,Premium
454,0,62,13,26.49,1,344.37,False,False,Standard
455,1,19,19,96.12,0,1826.2800000000002,True,False,Premium
456,1,44,34,87.08,0,2960.72,False,True,Standard
457,0,48,68,84.41,0,5739.88,True,False,Premium
458,0,68,52,85.84,0,4463.68,True,False,Premium
459,1,68,27,94.62,0,2554.7400000000002,False,False,Standard
460,1,53,29,63.54,0,1842.66,True,False,Premium
461,0,53,28,36.02,0,1008.5600000000001,False,True,Standard
462,1,43,35,69.34,0,2426.9,False,False,Standard
463,0,60,8,79.43,0,635.44,False,False,Standard
464,1,44,16,79.03,0,1264.48,True,False,Premium
465,0,22,36,61.72,0,2221.92,False,False,Standard
466,1,37,30,25.48,0,764.4,False,False,Standard
467,0,28,18,49.69,0,894.42,False,False,Standard
468,1,27,2,93.66,0,187.32,False,False,Standard
469,1,57,49,66.76,0,3271.2400000000002,False,False,Standard
470,0,55,4,63.07,1,252.28,False,False,Standard
471,1,23,7,41.51,1,290.57,False,True,Standard
472,0,25,39,49.48,0,1929.7199999999998,True,False,Premium
473,1,40,13,91.63,0,1191.19,False,True,Standard
474,0,64,31,73.32,0,2272.9199999999996,False,False,Standard
475,1,43,71,82.99,0,5892.29,False,False,Standard
476,0,63,63,56.35,0,3550.05,True,False,Premium
477,1,60,56,70.42,0,3943.52,False,True,Standard
478,0,29,42,39.87,0,1674.54,True,False,Premium
479,1,43,61,76.44,0,4662.84,False,True,Standard
480,0,30,42,54.21,0,2276.82,False,False,Standard
481,0,57,56,55.4,0,3102.4,True,False,Premium
482,0,35,36,71.95,0,2590.2000000000003,True,False,Premium
483,1,42,68,94.9,0,6453.200000000001,False,False,Standard
484,0,50,7,25.12,1,175.84,True,False,Premium
485,1,64,54,85.98,1,4642.92,False,True,Standard
486,0,57,1,43.39,0,43.39,False,True,Standard
487,1,60,44,55.51,0,2442.44,False,True,Standard
488,0,29,45,21.75,0,978.75,False,True,Standard
489,1,61,47,44.08,0,2071.7599999999998,False,False,Standard
490,1,53,13,60.21,0,782.73,True,False,Premium
491,0,65,22,24.49,0,538.78,False,True,Standard
492,1,21,21,59.29,0,1245.09,False,False,Standard
493,1,22,9,94.17,0,847.53,True,False,Premium
494,0,54,26,28.43,0,739.18,True,False,Premium
495,1,25,9,81.16,0,730.4399999999999,False,False,Standard
496,1,59,15,52.77,0,791.5500000000001,False,False,Standard
497,1,66,10,72.41,0,724.0999999999999,False,True,Standard
498,0,45,42,40.82,1,1714.44,True,False,Premium
499,1,48,24,32.76,0,786.24,True,False,Premium
500,0,26,49,32.84,0,1609.16,False,False,Standard
501,1,68,26,25.64,1,666.64,True,False,Premium
502,1,46,37,34.85,1,1289.45,False,True,Standard
503,1,31,68,73.14,0,4973.52,True,False,Premium
504,0,57,50,90.54,1,4527.0,False,False,Standard
505,1,58,24,85.13,0,2043.12,False,False,Standard
506,1,39,19,74.81,0,1421.39,False,True,Standard
507,0,28,60,28.83,0,1729.8,False,True,Standard
508,1,40,39,43.13,0,1682.0700000000002,True,False,Premium
509,0,18,18,44.78,0,806.04,True,False,Premium
510,0,63,19,40.0,0,760.0,False,False,Standard
511,1,54,36,61.2,0,2203.2000000000003,False,True,Standard
512,0,38,55,62.84,0,3456.2000000000003,False,True,Standard
513,1,43,69,48.55,0,3349.95,False,True,Standard
514,0,63,47,48.3,0,2270.1,True,False,Premium
515,0,53,49,86.28,0,4227.72,False,True,Standard
516,1,40,33,83.14,0,2743.62,False,False,Standard
517,0,18,21,44.62,0,937.02,False,False,Standard
518,0,68,22,93.1,1,2048.2,True,False,Premium
519,0,57,48,96.23,0,4619.04,True,False,Premium
520,0,32,37,46.14,0,1707.18,False,True,Standard
521,0,38,15,48.35,0,725.25,True,False,Premium
522,1,64,35,60.45,0,2115.75,False,False,Standard
523,0,26,71,95.29,0,6765.59,False,True,Standard
524,1,26,32,90.11,0,2883.52,False,False,Standard
525,0,27,11,28.21,0,310.31,False,True,Standard
526,1,69,10,51.42,0,514.2,True,False,Premium
527,1,43,57,64.27,1,3663.39,False,True,Standard
528,0,58,25,60.25,0,1506.25,False,True,Standard
529,0,52,2,35.51,0,71.02,False,False,Standard
530,0,69,64,88.71,1,5677.44,False,False,Standard
531,1,42,35,74.16,0,2595.6,False,True,Standard
532,0,43,7,87.03,0,609.21,True,False,Premium
533,1,28,18,88.7,0,1596.6000000000001,True,False,Premium
534,1,55,67,79.87,0,5351.29,False,False,Standard
535,1,19,42,55.14,0,2315.88,True,False,Premium
536,0,24,39,68.84,0,2684.76,False,False,Standard
537,0,35,41,32.83,0,1346.03,True,False,Premium
538,1,44,24,73.89,0,1773.3600000000001,False,True,Standard
539,1,51,60,34.34,0,2060.4,False,False,Standard
540,0,44,46,75.52,0,3473.9199999999996,False,False,Standard
541,1,34,19,38.37,0,729.03,False,True,Standard
542,0,60,68,29.4,1,1999.1999999999998,False,False,Standard
543,1,61,42,33.22,0,1395.24,True,False,Premium
544,0,68,32,20.16,0,645.12,True,False,Premium
545,1,41,39,77.5,0,3022.5,False,False,Standard
546,0,42,36,78.59,0,2829.2400000000002,True,False,Premium
547,1,24,36,61.19,0,2202.84,False,False,Standard
548,0,69,3,32.91,0,98.72999999999999,False,True,Standard
549,0,23,8,26.68,1,213.44,False,False,Standard
550,1,41,70,21.53,1,1507.1000000000001,False,True,Standard
551,1,50,41,33.26,0,1363.6599999999999,True,False,Premium
552,0,66,68,91.27,0,6206.36,False,True,Standard
553,1,46,13,39.32,0,511.16,True,False,Premium
554,0,60,49,48.34,0,2368.6600000000003,False,False,Standard
555,1,39,60,28.43,0,1705.8,True,False,Premium
556,0,43,2,37.79,0,75.58,False,False,Standard
557,0,45,60,61.54,0,3692.4,False,False,Standard
558,0,67,5,68.62,0,343.1,False,True,Standard
559,0,38,44,39.63,0,1743.72,False,True,Standard
560,0,66,27,24.62,1,664.74,False,True,Standard
561,0,24,32,51.28,0,1640.96,False,True,Standard
562,1,34,21,38.74,0,813.5400000000001,True,False,Premium
563,1,37,8,37.56,0,300.48,True,False,Premium
564,1,58,50,96.79,0,4839.5,True,False,Premium
565,0,66,67,69.3,0,4643.099999999999,False,False,Standard
566,0,37,44,64.55,0,2840.2,True,False,Premium
567,0,39,58,53.26,0,3089.08,True,False,Premium
568,0,45,3,54.32,0,162.96,True,False,Premium
569,1,57,70,63.27,0,4428.900000000001,False,True,Standard
570,1,66,2,75.71,0,151.42,True,False,Premium
571,0,24,44,76.17,0,3351.48,False,False,Standard
572,1,18,2,33.74,1,67.48,False,True,Standard
573,1,49,35,60.01,0,2100.35,False,False,Standard
574,0,30,30,52.96,0,1588.8,True,False,Premium
575,1,47,8,89.64,0,717.12,False,True,Standard
576,0,40,22,70.51,1,1551.22,False,False,Standard
577,1,68,44,62.6,0,2754.4,True,False,Premium
578,0,36,58,29.23,0,1695.34,False,False,Standard
579,0,49,36,68.45,0,2464.2000000000003,False,False,Standard
580,0,47,69,29.38,0,2027.22,False,False,Standard
581,0,46,31,46.98,0,1456.3799999999999,True,False,Premium
582,1,66,47,31.43,0,1477.21,True,False,Premium
583,0,62,55,75.37,1,4145.35,False,False,Standard
584,0,46,62,36.5,0,2263.0,False,True,Standard
585,0,47,30,51.35,0,1540.5,False,True,Standard
586,1,33,55,91.65,0,5040.75,True,False,Premium
587,0,57,16,36.35,0,581.6,True,False,Premium
588,1,36,12,60.62,1,727.4399999999999,True,False,Premium
589,0,35,17,53.54,0,910.18,True,False,Premium
590,1,18,16,21.45,0,343.2,True,False,Premium
591,1,31,12,83.42,0,1001.04,False,True,Standard
592,0,68,8,25.52,0,204.16,True,False,Premium
593,1,64,3,57.94,0,173.82,False,False,Standard
594,0,67,16,64.85,0,1037.6,False,False,Standard
595,0,19,30,70.27,1,2108.1,False,True,Standard
596,0,45,23,75.09,1,1727.0700000000002,False,False,Standard
597,1,66,5,40.26,0,201.29999999999998,False,True,Standard
598,1,67,65,20.8,1,1352.0,False,True,Standard
599,0,47,30,77.88,0,2336.3999999999996,False,False,Standard
600,0,55,21,62.85,0,1319.8500000000001,True,False,Premium
601,1,68,70,86.89,0,6082.3,False,False,Standard
602,0,21,22,85.71,0,1885.62,False,False,Standard
603,0,18,32,87.47,0,2799.04,False,True,Standard
604,0,25,33,58.81,0,1940.73,False,False,Standard
605,1,46,16,46.69,0,747.04,False,True,Standard
606,1,56,38,83.32,0,3166.16,True,False,Premium
607,1,20,14,56.1,0,785.4,True,False,Premium
608,0,49,36,34.68,0,1248.48,True,False,Premium
609,0,27,23,88.4,0,2033.2,False,False,Standard
610,0,27,66,90.6,0,5979.599999999999,False,True,Standard
611,1,36,2,57.3,0,114.6,True,False,Premium
612,0,63,65,26.06,0,1693.8999999999999,False,True,Standard
613,0,51,67,51.03,1,3419.01,False,True,Standard
614,0,50,52,84.28,0,4382.56,True,False,Premium
615,0,40,62,92.14,0,5712.68,True,False,Premium
616,1,45,23,36.28,1,834.44,False,True,Standard
617,1,49,26,25.36,0,659.36,True,False,Premium
618,0,67,68,90.19,0,6132.92,False,True,Standard
619,1,24,55,51.15,0,2813.25,False,True,Standard
620,1,46,6,63.34,1,380.04,True,False,Premium
621,0,25,35,97.45,0,3410.75,False,False,Standard
622,0,18,22,25.33,0,557.26,True,False,Premium
623,1,20,43,71.87,0,3090.4100000000003,False,False,Standard
624,0,41,15,25.93,0,388.95,False,True,Standard
625,1,40,60,50.04,0,3002.4,False,True,Standard
626,0,25,12,84.31,0,1011.72,False,False,Standard
627,1,64,49,54.68,0,2679.32,False,True,Standard
628,0,54,42,99.77,1,4190.34,False,False,Standard
629,1,20,38,64.72,0,2459.36,False,False,Standard
630,1,68,45,45.69,0,2056.0499999999997,False,True,Standard
631,1,50,35,37.61,1,1316.35,False,False,Standard
632,0,45,30,48.04,0,1441.2,True,False,Premium
633,1,64,30,49.8,0,1494.0,True,False,Premium
634,1,25,6,25.5,0,153.0,False,True,Standard
635,0,51,67,49.57,1,3321.19,False,True,Standard
636,0,52,7,57.14,0,399.98,False,False,Standard
637,1,49,52,77.82,0,4046.6399999999994,False,False,Standard
638,1,41,14,72.54,1,1015.5600000000001,False,False,Standard
639,0,31,15,76.7,0,1150.5,False,False,Standard
640,0,49,21,20.67,1,434.07000000000005,True,False,Premium
641,0,63,35,37.41,1,1309.35,True,False,Premium
642,0,60,66,72.93,0,4813.38,False,True,Standard
643,0,33,2,58.72,0,117.44,False,False,Standard
644,1,21,35,20.43,0,715.05,False,False,Standard
645,0,69,20,84.36,0,1687.2,False,True,Standard
646,1,54,10,81.82,0,818.1999999999999,False,False,Standard
647,1,38,25,63.87,0,1596.75,False,False,Standard
648,1,31,66,25.32,1,1671.1200000000001,False,False,Standard
649,0,48,25,81.32,0,2032.9999999999998,False,False,Standard
650,1,65,54,66.7,0,3601.8,False,False,Standard
651,1,35,33,82.56,1,2724.48,False,True,Standard
652,0,24,36,80.14,1,2885.04,False,False,Standard
653,1,27,14,84.24,0,1179.36,False,True,Standard
654,1,24,65,61.44,1,3993.6,False,False,Standard
655,0,50,54,31.23,0,1686.42,True,False,Premium
656,1,40,52,73.69,1,3831.88,True,False,Premium
657,1,38,3,69.64,0,208.92000000000002,True,False,Premium
658,1,36,41,79.38,0,3254.58,True,False,Premium
659,0,65,6,33.59,0,201.54000000000002,False,True,Standard
660,0,36,25,35.6,0,890.0,False,True,Standard
661,0,53,13,91.23,0,1185.99,False,False,Standard
662,1,46,8,80.0,0,640.0,True,False,Premium
663,1,35,21,92.66,0,1945.86,False,True,Standard
664,0,19,68,80.7,1,5487.6,False,False,Standard
665,1,18,25,67.77,0,1694.25,False,False,Standard
666,1,64,68,72.33,0,4918.44,False,True,Standard
667,0,22,45,91.13,0,4100.849999999999,True,False,Premium
668,0,37,60,66.3,0,3978.0,False,False,Standard
669,1,28,12,70.59,1,847.08,True,False,Premium
670,1,59,32,32.52,1,1040.64,True,False,Premium
671,1,19,13,57.91,0,752.8299999999999,True,False,Premium
672,0,20,31,77.31,0,2396.61,False,False,Standard
673,0,40,20,41.68,0,833.6,True,False,Premium
674,0,29,18,36.18,0,651.24,False,False,Standard
675,0,37,60,45.11,1,2706.6,True,False,Premium
676,1,22,63,39.32,0,2477.16,False,False,Standard
677,0,54,6,37.19,0,223.14,True,False,Premium
678,0,55,32,53.99,0,1727.68,False,True,Standard
679,0,47,43,92.63,0,3983.0899999999997,True,False,Premium
680,0,26,2,60.56,1,121.12,True,False,Premium
681,0,51,60,35.03,0,2101.8,False,False,Standard
682,1,61,23,26.16,0,601.68,False,False,Standard
683,1,52,31,75.69,0,2346.39,True,False,Premium
684,0,69,5,50.62,0,253.1,False,True,Standard
685,1,39,34,85.75,0,2915.5,False,True,Standard
686,0,61,10,72.76,0,727.6,False,False,Standard
687,0,41,2,83.7,0,167.4,False,True,Standard
688,1,34,11,41.76,0,459.35999999999996,True,False,Premium
689,1,27,50,75.39,0,3769.5,False,False,Standard
690,0,47,31,41.12,0,1274.72,True,False,Premium
691,0,63,56,95.13,0,5327.28,False,False,Standard
692,0,40,9,70.91,0,638.1899999999999,False,False,Standard
693,1,49,21,45.96,0,965.16,False,False,Standard
694,0,34,28,41.56,0,1163.68,False,False,Standard
695,0,67,62,35.27,0,2186.7400000000002,False,True,Standard
696,0,68,7,75.57,0,528.99,True,False,Premium
697,1,34,16,37.5,0,600.0,True,False,Premium
698,0,31,4,67.62,0,270.48,True,False,Premium
699,0,26,4,41.17,0,164.68,False,False,Standard
700,1,57,40,72.96,0,2918.3999999999996,False,True,Standard
701,0,19,17,85.2,0,1448.4,True,False,Premium
702,0,62,52,82.24,0,4276.48,False,True,Standard
703,1,42,52,80.87,0,4205.24,False,False,Standard
704,0,56,36,35.02,1,1260.72,True,False,Premium
705,1,26,38,27.07,0,1028.66,False,True,Standard
706,1,39,50,75.92,0,3796.0,False,False,Standard
707,0,60,63,49.47,0,3116.61,False,True,Standard
708,0,63,63,54.59,0,3439.17,True,False,Premium
709,0,21,62,22.49,0,1394.3799999999999,True,False,Premium
710,0,43,7,40.77,0,285.39000000000004,False,False,Standard
711,1,46,27,22.69,1,612.63,False,False,Standard
712,0,62,14,90.33,0,1264.62,False,False,Standard
713,1,51,71,39.47,1,2802.37,False,True,Standard
714,0,40,5,64.59,0,322.95000000000005,False,True,Standard
715,0,54,55,23.12,0,1271.6000000000001,False,True,Standard
716,0,28,2,73.35,0,146.7,False,False,Standard
717,1,23,62,45.84,0,2842.0800000000004,True,False,Premium
718,0,35,21,91.83,0,1928.43,True,False,Premium
719,0,38,21,91.05,0,1912.05,False,True,Standard
720,0,59,10,46.02,0,460.20000000000005,False,True,Standard
721,0,53,58,92.08,1,5340.64,True,False,Premium
722,1,58,39,99.69,1,3887.91,True,False,Premium
723,0,55,5,86.03,0,430.15,False,True,Standard
724,1,51,65,87.59,0,5693.35,False,True,Standard
725,1,34,13,39.92,0,518.96,True,False,Premium
726,1,54,53,66.14,0,3505.42,False,False,Standard
727,1,42,45,25.38,0,1142.1,False,True,Standard
728,1,55,32,27.59,0,882.88,True,False,Premium
729,1,29,36,99.91,0,3596.7599999999998,True,False,Premium
730,0,40,60,46.13,0,2767.8,True,False,Premium
731,1,59,11,79.85,1,878.3499999999999,True,False,Premium
732,1,39,63,84.53,0,5325.39,False,False,Standard
733,1,38,21,88.64,1,1861.44,True,False,Premium
734,0,44,52,99.81,0,5190.12,False,True,Standard
735,0,48,55,39.32,0,2162.6,False,False,Standard
736,1,23,26,23.23,0,603.98,True,False,Premium
737,0,44,68,52.9,0,3597.2,False,False,Standard
738,1,57,34,30.41,0,1033.94,False,True,Standard
739,1,51,52,21.79,0,1133.08,True,False,Premium
740,0,29,52,48.83,0,2539.16,False,True,Standard
741,1,62,29,82.7,0,2398.3,True,False,Premium
742,0,24,38,65.29,0,2481.0200000000004,True,False,Premium
743,0,27,42,45.02,0,1890.8400000000001,True,False,Premium
744,1,62,21,72.35,0,1519.35,True,False,Premium
745,1,34,42,38.56,0,1619.52,True,False,Premium
746,0,43,13,21.15,0,274.95,False,False,Standard
747,1,38,64,81.15,0,5193.6,True,False,Premium
748,1,45,17,69.9,1,1188.3000000000002,True,False,Premium
749,1,63,9,80.98,0,728.82,False,False,Standard
750,0,19,41,23.12,0,947.9200000000001,False,False,Standard
751,0,60,1,86.97,0,86.97,False,False,Standard
752,1,18,2,69.56,0,139.12,False,False,Standard
753,0,68,60,65.07,0,3904.2,False,False,Standard
754,0,53,48,69.97,0,3358.56,False,False,Standard
755,0,68,29,89.15,0,2585.3500000000004,True,False,Premium
756,0,43,10,66.95,0,669.5,True,False,Premium
757,0,46,58,66.48,0,3855.84,False,True,Standard
758,1,38,60,99.25,0,5955.0,True,False,Premium
759,1,28,21,80.54,0,1691.3400000000001,True,False,Premium
760,1,57,28,55.38,1,1550.64,False,False,Standard
761,0,28,34,76.59,0,2604.06,False,False,Standard
762,0,53,8,51.14,0,409.12,True,False,Premium
763,1,66,59,38.31,0,2260.29,False,True,Standard
764,0,56,49,67.75,0,3319.75,False,False,Standard
765,1,57,17,94.25,1,1602.25,True,False,Premium
766,1,52,60,94.33,0,5659.8,True,False,Premium
767,1,51,45,47.35,1,2130.75,False,True,Standard
768,0,64,69,62.21,1,4292.49,False,True,Standard
769,0,41,32,36.93,0,1181.76,False,False,Standard
770,1,39,44,99.65,0,4384.6,False,True,Standard
771,1,22,65,98.49,0,6401.849999999999,True,False,Premium
772,1,50,8,71.96,1,575.68,True,False,Premium
773,1,53,43,84.35,0,3627.0499999999997,False,True,Standard
774,0,64,1,77.21,0,77.21,False,True,Standard
775,0,37,51,67.45,0,3439.9500000000003,False,True,Standard
776,1,36,24,24.27,0,582.48,False,True,Standard
777,1,52,24,56.38,0,1353.1200000000001,False,False,Standard
778,0,69,17,73.98,0,1257.66,False,True,Standard
779,0,60,5,74.2,1,371.0,False,False,Standard
780,1,34,20,49.85,1,997.0,True,False,Premium
781,1,62,21,95.34,1,2002.14,False,True,Standard
782,1,60,58,33.39,0,1936.6200000000001,False,False,Standard
783,0,51,31,60.03,0,1860.93,False,True,Standard
784,0,26,11,75.27,0,827.9699999999999,True,False,Premium
785,0,43,52,75.77,0,3940.04,True,False,Premium
786,1,19,15,71.89,0,1078.35,True,False,Premium
787,1,26,7,42.02,0,294.14000000000004,False,True,Standard
788,0,26,28,32.5,0,910.0,False,True,Standard
789,0,57,51,70.88,1,3614.8799999999997,False,False,Standard
790,1,34,58,67.94,0,3940.52,True,False,Premium
791,0,18,5,34.35,0,171.75,False,True,Standard
792,0,42,5,76.41,0,382.04999999999995,True,False,Premium
793,1,60,8,56.41,0,451.28,True,False,Premium
794,0,57,64,73.42,0,4698.88,False,False,Standard
795,1,59,10,86.99,1,869.9,False,False,Standard
796,1,42,38,33.58,1,1276.04,False,False,Standard
797,1,56,8,21.53,1,172.24,False,False,Standard
798,1,52,25,82.33,1,2058.25,True,False,Premium
799,1,20,66,68.78,0,4539.4800000000005,False,False,Standard
800,1,67,50,75.97,0,3798.5,False,False,Standard
801,1,54,67,87.05,0,5832.349999999999,False,False,Standard
802,0,61,49,84.22,0,4126.78,False,False,Standard
803,1,61,36,96.87,0,3487.32,True,False,Premium
804,1,68,68,62.87,0,4275.16,False,False,Standard
805,0,47,41,59.08,0,2422.2799999999997,True,False,Premium
806,0,55,62,52.15,0,3233.2999999999997,False,True,Standard
807,0,51,10,32.3,0,323.0,True,False,Premium
808,1,29,21,65.81,0,1382.01,True,False,Premium
809,0,36,36,42.16,0,1517.7599999999998,False,False,Standard
810,1,54,12,93.7,0,1124.4,False,True,Standard
811,1,61,2,66.66,0,133.32,False,True,Standard
812,1,66,13,67.43,0,876.5900000000001,False,True,Standard
813,1,34,53,48.39,0,2564.67,False,True,Standard
814,0,27,32,24.16,0,773.12,True,False,Premium
815,0,66,16,22.54,0,360.64,False,True,Standard
816,1,64,32,53.87,0,1723.84,True,False,Premium
817,1,29,32,26.77,0,856.64,True,False,Premium
818,1,33,11,68.55,0,754.05,True,False,Premium
819,0,41,10,90.48,0,904.8000000000001,False,True,Standard
820,1,36,15,90.63,0,1359.4499999999998,False,False,Standard
821,1,25,17,72.72,0,1236.24,False,False,Standard
822,0,48,40,36.9,0,1476.0,False,True,Standard
823,0,38,18,89.04,0,1602.72,False,False,Standard
824,1,34,55,90.89,0,4998.95,False,False,Standard
825,0,40,25,35.73,0,893.2499999999999,True,False,Premium
826,0,54,59,78.99,0,4660.41,True,False,Premium
827,1,33,22,42.92,0,944.24,False,True,Standard
828,0,23,30,84.21,0,2526.2999999999997,False,True,Standard
829,1,25,44,99.78,0,4390.32,False,False,Standard
830,0,42,32,22.4,0,716.8,True,False,Premium
831,1,35,51,91.79,0,4681.29,False,True,Standard
832,1,42,46,69.81,0,3211.26,False,True,Standard
833,1,29,21,97.87,0,2055.27,False,True,Standard
834,0,32,32,57.2,0,1830.4,False,True,Standard
835,1,43,39,87.79,0,3423.8100000000004,False,True,Standard
836,0,58,12,24.99,1,299.88,False,True,Standard
837,1,62,47,46.82,0,2200.54,False,False,Standard
838,1,43,18,25.36,0,456.48,True,False,Premium
839,0,64,21,98.03,0,2058.63,True,False,Premium
840,1,49,13,85.36,0,1109.68,False,True,Standard
841,1,27,21,88.2,0,1852.2,True,False,Premium
842,0,33,8,95.04,0,760.32,True,False,Premium
843,1,24,46,26.81,0,1233.26,True,False,Premium
844,1,34,7,50.85,1,355.95,False,True,Standard
845,1,40,23,25.68,0,590.64,False,True,Standard
846,1,43,22,36.86,0,810.92,True,False,Premium
847,0,38,22,38.35,1,843.7,True,False,Premium
848,0,39,29,57.53,0,1668.3700000000001,False,True,Standard
849,1,24,13,41.48,1,539.24,False,False,Standard
850,0,31,2,28.08,0,56.16,True,False,Premium
851,1,32,29,33.4,1,968.5999999999999,False,False,Standard
852,0,24,52,31.78,0,1652.56,True,False,Premium
853,1,26,27,97.85,0,2641.95,False,False,Standard
854,1,68,50,80.74,1,4036.9999999999995,False,False,Standard
855,1,65,23,97.42,0,2240.66,False,False,Standard
856,1,25,44,55.18,0,2427.92,False,True,Standard
857,1,67,22,42.27,0,929.94,False,False,Standard
858,1,40,43,83.86,0,3605.98,False,False,Standard
859,0,46,37,46.1,0,1705.7,False,False,Standard
860,1,35,61,43.95,0,2680.9500000000003,True,False,Premium
861,0,48,56,38.6,0,2161.6,False,False,Standard
862,1,47,3,30.37,0,91.11,True,False,Premium
863,0,69,63,40.52,0,2552.76,False,False,Standard
864,0,56,19,48.43,0,920.17,False,False,Standard
865,0,52,23,73.92,0,1700.16,False,True,Standard
866,1,35,29,25.01,0,725.2900000000001,True,False,Premium
867,1,59,30,36.84,0,1105.2,False,False,Standard
868,0,56,39,84.72,0,3304.08,True,False,Premium
869,1,34,25,31.75,0,793.75,True,False,Premium
870,0,31,8,47.41,0,379.28,False,True,Standard
871,1,48,58,89.17,0,5171.86,False,True,Standard
872,0,41,16,32.39,1,518.24,False,True,Standard
873,0,52,1,26.62,0,26.62,False,True,Standard
874,1,61,5,58.76,0,293.8,False,True,Standard
875,0,62,3,44.19,0,132.57,False,True,Standard
876,1,51,65,65.07,0,4229.549999999999,False,True,Standard
877,0,20,4,84.3,1,337.2,False,True,Standard
878,0,54,64,30.97,0,1982.08,False,False,Standard
879,1,60,10,66.46,0,664.5999999999999,True,False,Premium
880,1,57,21,60.44,1,1269.24,False,True,Standard
881,1,43,46,31.53,0,1450.38,False,True,Standard
882,0,40,27,69.92,0,1887.8400000000001,True,False,Premium
883,1,61,66,41.89,0,2764.7400000000002,False,False,Standard
884,0,56,41,59.03,0,2420.23,True,False,Premium
885,0,32,13,26.58,1,345.53999999999996,True,False,Premium
886,1,66,9,56.77,1,510.93,False,True,Standard
887,1,21,36,44.52,0,1602.72,True,False,Premium
888,0,46,58,85.79,0,4975.820000000001,True,False,Premium
889,0,39,54,24.56,1,1326.24,False,True,Standard
890,1,42,12,53.49,0,641.88,False,True,Standard
891,1,30,14,56.67,0,793.38,False,True,Standard
892,1,35,34,78.0,1,2652.0,False,True,Standard
893,1,50,53,65.94,0,3494.8199999999997,True,False,Premium
894,1,33,20,73.38,0,1467.6,True,False,Premium
895,0,62,16,82.16,0,1314.56,False,False,Standard
896,0,59,70,88.98,1,6228.6,False,False,Standard
897,0,61,56,45.11,0,2526.16,True,False,Premium
898,0,19,58,63.04,0,3656.32,False,False,Standard
899,1,52,4,87.21,0,348.84,True,False,Premium
900,1,59,4,99.16,0,396.64,False,False,Standard
901,1,51,20,91.16,0,1823.1999999999998,False,True,Standard
902,0,47,10,49.72,0,497.2,False,False,Standard
903,0,30,24,35.61,0,854.64,False,True,Standard
904,1,30,26,59.15,0,1537.8999999999999,False,True,Standard
905,1,35,37,79.33,1,2935.21,False,True,Standard
906,0,49,54,59.41,0,3208.14,False,True,Standard
907,0,49,21,58.65,1,1231.6499999999999,False,False,Standard
908,1,52,38,87.06,0,3308.28,True,False,Premium
909,1,56,46,48.91,0,2249.8599999999997,False,True,Standard
910,0,63,4,88.78,0,355.12,False,False,Standard
911,1,69,60,52.54,0,3152.4,False,True,Standard
912,1,46,57,46.26,1,2636.8199999999997,False,False,Standard
913,1,66,45,56.32,0,2534.4,False,False,Standard
914,0,46,20,81.0,0,1620.0,False,False,Standard
915,0,61,17,30.08,0,511.35999999999996,True,False,Premium
916,0,33,71,35.71,0,2535.41,False,False,Standard
917,0,61,4,96.12,0,384.48,False,False,Standard
918,0,64,14,34.04,0,476.56,True,False,Premium
919,0,27,3,65.42,0,196.26,True,False,Premium
920,0,47,58,66.35,0,3848.2999999999997,False,False,Standard
921,1,42,55,59.17,0,3254.35,True,False,Premium
922,1,56,4,71.58,0,286.32,False,True,Standard
923,1,37,24,38.39,0,921.36,False,True,Standard
924,1,22,34,64.21,0,2183.14,True,False,Premium
925,1,18,30,49.77,0,1493.1000000000001,True,False,Premium
926,1,47,19,72.93,0,1385.67,False,False,Standard
927,1,66,31,31.3,0,970.3000000000001,True,False,Premium
928,0,20,60,65.67,0,3940.2000000000003,False,False,Standard
929,0,62,60,34.82,1,2089.2,False,True,Standard
930,1,31,19,42.29,0,803.51,True,False,Premium
931,1,47,49,37.5,0,1837.5,False,False,Standard
932,0,67,63,34.63,1,2181.69,False,False,Standard
933,1,21,22,86.06,1,1893.3200000000002,False,True,Standard
934,1,35,24,42.86,0,1028.6399999999999,True,False,Premium
935,0,54,30,94.17,1,2825.1,False,True,Standard
936,1,42,58,97.59,0,5660.22,False,False,Standard
937,0,65,31,65.7,0,2036.7,False,False,Standard
938,1,18,64,31.44,0,2012.16,True,False,Premium
939,0,63,19,49.96,0,949.24,False,False,Standard
940,0,32,48,83.82,0,4023.3599999999997,True,False,Premium
941,0,26,45,49.39,0,2222.55,False,True,Standard
942,1,32,55,26.96,0,1482.8,True,False,Premium
943,0,66,55,64.54,1,3549.7000000000003,True,False,Premium
944,1,41,18,87.61,1,1576.98,False,False,Standard
945,1,21,63,83.67,0,5271.21,False,False,Standard
946,1,29,47,34.01,1,1598.4699999999998,True,False,Premium
947,1,54,57,73.82,1,4207.74,False,False,Standard
948,0,54,45,37.64,0,1693.8,False,False,Standard
949,0,60,33,37.46,0,1236.18,False,False,Standard
950,1,23,17,89.93,0,1528.8100000000002,True,False,Premium
951,1,56,70,39.97,1,2797.9,False,False,Standard
952,0,63,4,41.06,0,164.24,True,False,Premium
953,1,41,20,20.05,0,401.0,False,False,Standard
954,0,28,47,89.65,0,4213.55,False,True,Standard
955,1,30,15,83.41,0,1251.1499999999999,False,False,Standard
956,1,51,70,70.19,0,4913.3,False,False,Standard
957,0,42,47,80.02,0,3760.9399999999996,True,False,Premium
958,1,24,9,32.16,0,289.43999999999994,True,False,Premium
959,0,69,16,56.67,1,906.72,False,False,Standard
960,1,21,69,48.1,1,3318.9,False,True,Standard
961,1,25,61,27.5,0,1677.5,False,False,Standard
962,1,37,10,58.89,1,588.9,False,False,Standard
963,0,46,50,93.66,0,4683.0,False,True,Standard
964,1,68,3,23.2,0,69.6,True,False,Premium
965,1,62,70,43.32,0,3032.4,False,False,Standard
966,1,63,51,36.6,1,1866.6000000000001,True,False,Premium
967,1,27,19,39.05,1,741.9499999999999,True,False,Premium
968,0,60,42,92.67,0,3892.14,False,True,Standard
969,0,51,35,57.45,1,2010.75,False,True,Standard
970,1,43,46,57.3,0,2635.7999999999997,True,False,Premium
971,0,58,26,80.85,0,2102.1,False,False,Standard
972,1,66,69,32.36,0,2232.84,True,False,Premium
973,1,20,64,58.98,0,3774.72,False,False,Standard
974,1,23,37,54.4,0,2012.8,False,False,Standard
975,0,22,49,67.75,1,3319.75,False,True,Standard
976,0,22,21,99.96,0,2099.16,False,False,Standard
977,0,64,64,81.56,0,5219.84,False,False,Standard
978,0,40,5,51.83,0,259.15,True,False,Premium
979,0,66,70,86.2,0,6034.0,False,True,Standard
980,0,26,4,33.66,1,134.64,False,False,Standard
981,0,52,39,22.44,0,875.1600000000001,False,False,Standard
982,0,37,35,36.36,0,1272.6,False,True,Standard
983,0,66,1,47.23,1,47.23,True,False,Premium
984,1,59,24,60.85,0,1460.4,False,True,Standard
985,0,52,57,69.21,0,3944.97,False,True,Standard
986,0,67,70,92.85,0,6499.5,False,False,Standard
987,0,35,41,60.79,0,2492.39,False,False,Standard
988,0,34,54,60.1,0,3245.4,True,False,Premium
989,0,41,46,24.02,0,1104.92,False,False,Standard
990,0,20,60,22.79,1,1367.3999999999999,False,False,Standard
991,0,49,60,64.09,1,3845.4,False,True,Standard
992,0,52,57,55.05,0,3137.85,False,False,Standard
993,0,55,31,87.13,0,2701.0299999999997,True,False,Premium
994,0,30,24,32.85,1,788.4000000000001,False,True,Standard
995,0,64,36,22.0,0,792.0,True,False,Premium
996,1,42,30,55.92,0,1677.6000000000001,False,True,Standard
997,1,26,24,39.0,0,936.0,False,False,Standard
998,0,21,30,23.97,1,719.0999999999999,False,True,Standard
999,0,31,7,77.97,0,545.79,False,True,Standard
1000,1,54,35,28.93,0,1012.55,False,False,Standard
